hello morocco france germany 3,id_1end
hello france unitedstates ukraine id1 ,id_1end,id_2end
morocco germany (3,id1),id_1end,id_3end
ukraine france  (2,id2) ,id_2end,id_4end
rack razor morrocco philadilfia,id_5end
hello world france,id_1end,id_2end,id_6end
philadilfia rack hna,id_5end,id_7end
souraya maroc tissa,id_8end
ensem achraf corona hello world,id_6end,id_9end
hello yes world,id_6end,id_9end,id_10end
Lorem Ipsum is ,id_11end
simply dummy text,id_12end
 of the printing,id_13end
and typesetting ,id_14end
industry. Lorem ,id_11end,id_15end
Ipsum has been ,id_11end,id_16end
the industry's,id_17end
standard dummy ,id_18end
text ever since,id_19end
the 1500s, when an ,id_20end
unknown printer took a,id_21end
galley of type and ,id_13end,id_14end,id_22end
scrambled it to make a type ,id_22end,id_23end
specimen book. It has,id_24end
